Pk_Id,Fk_LocalizationLevel1Id,Fk_LocalizationLevel2Id,Fk_LocalizationLevel3Id,Name,X,Y,Z,SortingId,Fk_StatusId
7500301,1,75,7500001,Florida - Casco Antiguo,-73.084395,7.063077,15,10,2
7500302,1,75,7500001,Cañaveral - Versalles,-73.099801,7.063594,15,10,2
7500303,1,75,7500001,Bucarica - Caracolí,-73.082730,7.068975,15,10,2
7500304,1,75,7500001,Caldas - El Reposo,-73.100550,7.094638,15,10,2
7500305,1,75,7500001,Bosque - Molinos,-73.108531,7.078128,15,10,2
7500306,1,75,7500001,Lagos - Bellavista,-73.105810,7.075035,15,10,2
7500307,1,75,7500001,Villabel - Santa Ana,-73.099996,7.082044,15,10,2
7500308,1,75,7500001,La Cumbre - El Carmen,-73.089347,7.080815,15,10,2
7500309,1,75,7500001,Ruitoque Condominio,-73.087704,7.027448,15,10,2