Pk_Id,Fk_LocalizationLevel1Id,Fk_LocalizationLevel2Id,Fk_LocalizationLevel3Id,Name,X,Y,Z,SortingId,Fk_StatusId
7500401,1,75,7500004,Arenales,-73.168567,7.059882,15,10,2
7500402,1,75,7500004,Bellavista,-73.175602,7.075704,15,10,2
7500403,1,75,7500004,Carrizal,-73.172332,7.078357,15,10,2
7500404,1,75,7500004,Casco Antiguo,-73.170145,7.067311,15,10,2
7500405,1,75,7500004,Chimita,-73.167088,7.085710,15,10,2
7500406,1,75,7500004,El Poblado,-73.169337,7.073329,15,10,2
7500407,1,75,7500004,La Aldea,-73.176803,7.067126,15,10,2
7500408,1,75,7500004,Mesetas,-73.165440,7.056398,15,10,2
7500409,1,75,7500004,Rincón de Girón,-73.164298,7.071796,15,10,2