Pk_Id,Fk_LocalizationLevel1Id,Fk_LocalizationLevel2Id,Fk_LocalizationLevel3Id,Name,X,Y,Z,SortingId,Fk_StatusId
5700101,1,57,5700003,Riomar,-74.813154,11.01076,14,120,2
5700102,1,57,5700003,Norte Centro Histórico,-74.825499,10.993471,14,120,2
5700103,1,57,5700003,Metropolitana,-74.814517,10.936412,14,120,2
5700104,1,57,5700003,Sur Occidente,-74.818463,10.96512,14,120,2
5700105,1,57,5700003,Sur Oriente,-74.790382,10.946724,14,120,2